{
  "project_info": {
    "project_number": "900871545340",
    "project_id": "project-ffe87",
    "storage_bucket": "project-ffe87.firebasestorage.app"
  },
  "client": [
    {
      "client_info": {
        "mobilesdk_app_id": "1:900871545340:android:e05174b95d34d64a169279",
        "android_client_info": {
          "package_name": "com.example.untitled3"
        }
      },
      "oauth_client": [],
      "api_key": [
        {
          "current_key": "AIzaSyB_Be9xtgpjkiCu-dHvrYA6Ij-tIKJ60xo"
        }
      ],
      "services": {
        "appinvite_service": {
          "other_platform_oauth_client": []
        }
      }
    }
  ],
  "configuration_version": "1"
}